{
  "resources.json": 1623467864392,
  "i18n/i18n_es.properties": 1623460977378,
  "controller/CrearEmpleado.controller.js": 1623456843695,
  "model/models.js": 1623454009459,
  "controller/VerEmpleado.controller.js": 1623467505042,
  "controller/Menu.controller.js": 1623456912964,
  "manifest.json": 1623467864388,
  "controller/App.controller.js": 1623454009463,
  "Component.js": 1623457775322,
  "manifest-bundle.zip": 1623467863883,
  "Component-preload.js": 1623467864282,
  "controller/Menu-dbg.controller.js": 1623456912964,
  "controller/VerEmpleado-dbg.controller.js": 1623467505042,
  "model/models-dbg.js": 1623454009459,
  "controller/CrearEmpleado-dbg.controller.js": 1623456843695,
  "controller/App-dbg.controller.js": 1623454009463,
  "Component-dbg.js": 1623457775322,
  "i18n/i18n.properties": 1623466890730,
  "view/VerEmpleado.view.xml": 1623467452032,
  "view/Menu.view.xml": 1623457372128,
  "view/CrearEmpleado.view.xml": 1623457563485,
  "view/App.view.xml": 1623457339807,
  "fragment/ResumenEmpleado.fragment.xml": 1623456602132,
  "fragment/Aumento.fragment.xml": 1623456569996,
  "css/style.css": 1623454009459,
  "index.html": 1623454009455
}